﻿<?xml version="1.0" encoding="utf-8"?>
<Window>
  <VerticalLayout left="0" right="0" top="0" bottom="0" >
    <VerticalLayout height="50"/>
    <HorizontalLayout height="332">
      <HorizontalLayout width="115" />
      <Control width="148" bkimage="drawable\usb_disconnected.png"  backgroundtransparent="true"/>
      <HorizontalLayout width="65" />
      <VerticalLayout width="381">
        <Label text="当前未连接手机" height="40" font="22" textcolor="#000000" backgroundtransparent="true"
                 align="near,venter"/>
        <VerticalLayout height="60">
          <Label text="请在手机关机状态下按音量下+电源键进入Bootloader模式后,再连接手机" height="60" font="14" textcolor="#888888" backgroundtransparent="true"
             align="near,venter" multiline="true"/>
        </VerticalLayout >

        <Control height="1" bkimage="drawable\seperate_line.png"  backgroundtransparent="true"/>
        <VerticalLayout height="35"/>
        <Label text="解锁须知" height="40" font="22" textcolor="#000000" backgroundtransparent="true" align="near,venter"/>
        <VerticalLayout height="12"/>
        <Label text="1.解锁后系统将失去安全保护,导致您的隐私被泄露或财产损失" height="40" font="14" textcolor="#888888" backgroundtransparent="true" align="near,venter" multiline="true"/>
        <VerticalLayout height="12"/>
        <Label text="2.指纹识别、查找手机等依赖系统安全性的服务将变得不可靠" height="40" font="14" textcolor="#888888" backgroundtransparent="true" align="near,venter" multiline="true"/>
        <VerticalLayout height="12"/>
		<HorizontalLayout height="20">
			<Label text="3.解锁过程中遇到其他问题?" width="180" font="14" textcolor="#888888" backgroundtransparent="true" align="near,venter" multiline="true"/>
			<Text name="FAQ_url_btn" text="{u}{a}点击查看FAQ{/a}{/u}" showhtml="true" width="90" font="14" textcolor="#999999"/>
		</HorizontalLayout >
		<VerticalLayout />
      </VerticalLayout>
    </HorizontalLayout>
    <VerticalLayout height="25"/>
    <HorizontalLayout height="42">
      <HorizontalLayout />
      <Button text="解锁" enabled="false" font="16" height="42" width="180" normalimage="file='drawable\common_btn.png' source='0,0,142,42'" hotimage="file='drawable\common_btn.png' source='142,0,284,42'" pushedimage="file='drawable\common_btn.png' source='284,0,426,42'" align="center,venter"/>
      <HorizontalLayout />
    </HorizontalLayout>
  </VerticalLayout>
</Window>