﻿<?xml version="1.0" encoding="utf-8"?>
<Window >
  <VerticalLayout width="820" left="0" right="0" top="0" bottom="0">
    <Label text="免责声明" height="35" align="center,venter" font="22" />
    <VerticalLayout height="33" />
    <HorizontalLayout height="240">
      <HorizontalLayout />
      <RichEdit name="dlm_license" backgroundtransparent="true" readonly="true" font="14" padding="25,0,0,0" textcolor="#888888" width="700"  height="240" text="" vscrollbar="false" enabled="false"/>
      <HorizontalLayout />
    </HorizontalLayout>
	<Label text="为向您提供本功能服务，手机解锁工具将收集您的小米账号、计算机序列号与IP、手机序列号与机型等信息用于"  height="20" width="700" font="14" textcolor="#888888" padding="70,20,0,3"/>
    <HorizontalLayout height="20" padding="0,0,0,20">
      <Label text="解锁服务，并依据我们的统一"  width="180" font="14" textcolor="#888888" padding="70,0,0,0"/>
      <Button name="open_web" text="{u}《隐私条款》{/u}" showhtml="true" textcolor="#5f86e2" width="90" align="left" normalimage="" hotimage="" pushedimage=""/>
      <Label text="处理和保护。您是否同意？"  width="300" font="14" textcolor="#888888" padding="1,0,0,0"/>
    </HorizontalLayout>
	<HorizontalLayout height="1">
      <HorizontalLayout />
      <Control width="760" height="1" bkimage="drawable\seperate_line.png" align="center,venter" />
      <HorizontalLayout />
    </HorizontalLayout>
    <VerticalLayout height="35" />
    <HorizontalLayout height="44" childalign="center" childvalign="vcenter">
      <VerticalLayout />
      <Button name="dlm_agree" text="同意" font="14" width="143" normalimage="file='drawable\common_btn.png' source='0,0,142,42'" hotimage="file='drawable\common_btn.png' source='142,0,284,42'" pushedimage="file='drawable\common_btn.png' source='284,0,426,42'" />
      <VerticalLayout width="15" />
      <Button name="dlm_disagree" text="不同意" font="14" width="143" normalimage="file='drawable\common_btn.png' source='0,0,142,42'" hotimage="file='drawable\common_btn.png' source='142,0,284,42'" pushedimage="file='drawable\common_btn.png' source='284,0,426,42'" />
      <VerticalLayout />
    </HorizontalLayout>
    <HorizontalLayout height="35" />
  </VerticalLayout>
</Window>
